[
    {
        "id": 0,
        "name": "Cigarmon",
        "type": "club",
        "base": {
            "attack": 1,
            "speed": 1,
            "defense": 1,
            "hitpoints_max": 10
        },
        "deck": [
            {"suit": "c", "value": "A"},
            {"suit": "c", "value": "2"},
            {"suit": "c", "value": "3"},
            {"suit": "c", "value": "4"},
            {"suit": "c", "value": "5"},
            {"suit": "c", "value": "6"},
            {"suit": "c", "value": "7"},
            {"suit": "c", "value": "8"},
            {"suit": "c", "value": "9"},
            {"suit": "c", "value": "T"},
            {"suit": "c", "value": "J"},
            {"suit": "c", "value": "Q"},
            {"suit": "c", "value": "K"},
            {"suit": "d", "value": "A"},
            {"suit": "d", "value": "2"},
            {"suit": "d", "value": "3"},
            {"suit": "d", "value": "4"},
            {"suit": "d", "value": "5"},
            {"suit": "d", "value": "6"},
            {"suit": "d", "value": "7"},
            {"suit": "d", "value": "8"},
            {"suit": "d", "value": "9"},
            {"suit": "d", "value": "T"},
            {"suit": "d", "value": "J"},
            {"suit": "d", "value": "Q"},
            {"suit": "d", "value": "K"},
            {"suit": "s", "value": "A"},
            {"suit": "s", "value": "2"},
            {"suit": "s", "value": "3"},
            {"suit": "s", "value": "4"},
            {"suit": "s", "value": "5"},
            {"suit": "s", "value": "6"},
            {"suit": "s", "value": "7"},
            {"suit": "s", "value": "8"},
            {"suit": "s", "value": "9"},
            {"suit": "s", "value": "T"},
            {"suit": "s", "value": "J"},
            {"suit": "s", "value": "Q"},
            {"suit": "s", "value": "K"},
            {"suit": "h", "value": "A"},
            {"suit": "h", "value": "2"},
            {"suit": "h", "value": "3"},
            {"suit": "h", "value": "4"},
            {"suit": "h", "value": "5"},
            {"suit": "h", "value": "6"},
            {"suit": "h", "value": "7"},
            {"suit": "h", "value": "8"},
            {"suit": "h", "value": "9"},
            {"suit": "h", "value": "T"},
            {"suit": "h", "value": "J"},
            {"suit": "h", "value": "Q"},
            {"suit": "h", "value": "K"}
        ],
        "moves": [
            "Pound",
            "Puff",
            "Drag",
            "Cough"
        ]
    }
]